{"cameraMode":{"drawMode":0,"name":"Shaded","section":"Shading Mode"},"sceneLighting":true,"audioPlay":false,"sceneViewState":{"m_AlwaysRefresh":false,"showFog":true,"showSkybox":true,"showFlares":true,"showImageEffects":true,"showParticleSystems":true,"showVisualEffectGraphs":true,"m_FxEnabled":true},"in2DMode":false,"pivot":{"x":-0.44264352321624758,"y":0.36539268493652346,"z":-5.299246788024902},"rotation":{"x":-0.003357833484187722,"y":0.9944733381271362,"z":-0.1005975529551506,"w":-0.03403788432478905},"size":6.5442352294921879,"orthographic":false}