{"cameraMode":{"drawMode":0,"name":"Shaded","section":"Shading Mode"},"sceneLighting":false,"audioPlay":false,"sceneViewState":{"m_AlwaysRefresh":false,"showFog":true,"showSkybox":false,"showFlares":true,"showImageEffects":true,"showParticleSystems":true,"showVisualEffectGraphs":true,"m_FxEnabled":true},"in2DMode":false,"pivot":{"x":-0.0072405338287353519,"y":-0.6501274704933167,"z":0.01116710901260376},"rotation":{"x":0.10204597562551499,"y":0.018040772527456285,"z":-0.0017647246131673456,"w":0.9946158528327942},"size":1.2274976968765259,"orthographic":false}