{"cameraMode":{"drawMode":0,"name":"Shaded","section":"Shading Mode"},"sceneLighting":false,"audioPlay":false,"sceneViewState":{"m_AlwaysRefresh":false,"showFog":true,"showSkybox":false,"showFlares":true,"showImageEffects":true,"showParticleSystems":true,"showVisualEffectGraphs":true,"m_FxEnabled":true},"in2DMode":false,"pivot":{"x":0.21648025512695313,"y":-3.8092360496520998,"z":-0.04101371765136719},"rotation":{"x":0.10204597562551499,"y":0.018040772527456285,"z":-0.0017647246131673456,"w":0.9946158528327942},"size":10.344087600708008,"orthographic":false}